RELAÇÃO DE CONTRATOS VIGENTES NA ADMINISTRAÇÃO CENTRAL DO MINISTÉRIO DA DEFESA.  ref.: jun.24;;;;;;;;
CONTRATO;ANO;EMPRESA;CNPJ;OBJETO;TIPO;INÍCIO;ENCERRAMENTO; VALOR ANUAL 
012;2023;JCA COMÉRCIO DE ALIMENTOS LTDA.;14.387.382/0001-62;Aquisição de gêneros alimentícios (bebidas e lacticínios). Itens 01, 06, 07, 09, 12, 15, 21, 43, 46, 58, 61, 63, 69, 70, 71, 73, 74, 75, 76, 84, 86, 89 e 90.;Aquisição;20/06/2023;20/06/2024; R$184.083,72 
013;2023;NUTRISABOR COMERCIO DE ALIMENTOS EIRELI.;35.307.908/0001-27;Aquisição de gêneros alimentícios (bebidas e lacticínios). Itens 44 E 45.;Aquisição;20/06/2023;20/06/2024; R$743,60 
014;2023;ANJ COMÉRCIO DE PRODUTOS ALIMENTÍCIOS LTDA.;46.633.850/0001-28;Aquisição de gêneros alimentícios (bebidas e lacticínios). Item 80.;Aquisição;20/06/2023;20/06/2024; R$2.099,00 
011;2023;UEDAMA COMÉRCIO DE PRODUTOS ALIMENTÍCIOS LTDA.;00.543.061/0001-03;Aquisição de gêneros alimentícios (bebidas e lacticínios). Itens 02, 04, 05, 08, 10, 11, 13, 23, 25, 47, 64, 65, 67, 68, 72, 82 e 83.;Aquisição;23/06/203;23/06/2024; R$96.905,44 
025;2019;TELECOMUNICAÇÕES BRASILEIRAS S.A - TELEBRÁS.;00.336.701/0001-04;Serviços de natureza continuada para provimento de um link dedicado com acesso à internet, taxa de 100 Mbps de transmissão “full-duplex”, por meio de enlace físico, com fornecimento de IPs (Internet Protocol) para o MD em Brasília e um serviço de enlace terrestre, taxa de 20 Mbps de transmissão “full-duplex”, com fornecimento de IP interligando a sede do MD ao Centro de Apoio a Sistemas Logísticos de Defesa - CASLODE - localizado no Rio de Janeiro.;Serviço;30/06/2019;29/06/2024; R$173.428,92 
009;2022;LL SERVIÇOS DE INSTALAÇÕES LTDA.;27.285.729/0001-08;Serviço de manutenção preventiva e corretiva do Sistema de Geração de Energia Solar Fotovoltaica ON-GRID de 528 kWp.;Serviço;01/07/2022;01/07/2024; R$54.324,73 
014;2020;DFL ENGENHARIA, COMÉRCIO E REPRESENTAÇÃO LTDA.;03.591.509/0001-44;Contratação de serviços de Técnicos em Edificação, sob o regime de dedicação exclusiva de mão de obra.;Serviço;06/07/2020;06/07/2024; R$280.327,60 
027;2019;TECNICALL ENGENHARIA LTDA;72.581.283/0001-13;Serviços de manutenção preventiva e corretiva das instalações do sistema de cabeamento estruturado, bem como de serviços eventuais por demanda. ;Serviço;19/07/2019;19/07/2024; R$2.609.148,96 
038;2023;A3 LOCAÇÃO DE MÃO DE OBRA E SERVIÇOS LTDA.;23.080.111/0001-50;Contratação de serviço de arquiteto urbanista com regime de dedicação exclusiva de mão de obra.;Serviço;04/01/2024;01/08/2024; R$182.433,27 
011;2021;A. SILVA DOMINGUES COMÉRCIO E SERVIÇOS DE ASSESSORIA.;27.292.357/0001-47;Contratação de empresa especializada em serviços de manutenção preventiva e corretiva de veículos automotores pertencentes à frota do Ministério da Defesa localizados no Rio de Janeiro.;Serviços;03/08/2021;03/08/2024; R$16.131,62 
018;2020;ESPLANADA SERVIÇOS TERCEIRIZADOS EIRELI.;01.099.686/0001-82;Prestação dos serviços de bombeiro civil “brigadista de incêndio” nas dependências do Ministério da Defesa. ;Serviço;24/08/2020;24/08/2024; R$1.012.133,04 
016;2023;UNIVERSIDADE PATATIVA ASSARÉ - UPA;05.342.580/0001-19;Contratação de serviços de Agente de Integração de Estágios, em regime de serviço contínuo, para auxiliar na operacionalização do programa de estágio de estudantes de nível superior nas modalidades graduação e pós graduação, ensino médio e de educação profissional, vinculados à estrutura do ensino público e privado para preenchimento de oportunidades de estágio na administração central do Ministério da Defesa (AC/MD), mediante pagamento de taxa administrativa mensal, por estudante.;Serviço;01/09/2023;01/09/2024; R$15.400,80 
020;2020;ENGEPROM ENGENHARIA LTDA. ;04.762.861/0001-68;"Serviços continuados de manutenção preventiva, preditiva e corretiva das instalações e equipamentos dos seguintes sistemas prediais: de refrigeração (ar condicionado central e demais tipos de equipamentos); de instalações frigoríficas; de ventilação mecânica e exaustão; bem como de serviços eventuais no Edifício da Administração Central do Ministério da Defesa Bloco “Q”, Anexo Bloco “O”, todos na Esplanada dos Ministérios, com disponibilização de mão de obra em regime de dedicação exclusiva.";Serviço;08/09/2020;08/09/2024; R$4.256.676,81 
015;2021;CARPLAC COMÉRCIO E SERVIÇOS LTDA.;03.622.354/0001-66;Contratação de empresa especializada para manutenção, remanejamento, substituição e complementação de forma continuada, sob demanda, dos itens de sinalização e identificação visual.;Serviços;08/09/2021;08/09/2024; R$310.120,64 
032;2019;PROFOXNETWORKS SOLUCOES EIRELI;18.782.546/0001-07;Serviços de tradução e locação de equipamentos para tradução simultanea consecutiva. Itens: 12, 15, 24, 25, 27, 28, 29, 32, 33, 35, 36, 40, 42, 47, 50, 52, 53, 57, 60, 61, 63, 65 e 69.;Serviço;11/09/2019;11/09/2024; R$349.094,98 
033;2019;ORIENTE-SE PRODUÇÕES LTDA;16.894.574/0001-90;Serviços de tradução e locação de equipamentos para tradução simultanea consecutiva. Itens: 09, 13, 18, 26, 37, 43, 44 e 45.;Serviço;11/09/2019;11/09/2024; R$182.457,94 
034;2019;INTERPRET BRASIL LTDA.;13.860.868/0001-03;Serviços de tradução e locação de equipamentos para tradução simultanea consecutiva. Itens: 31, 38, 39 e 46.;Serviço;11/09/2019;11/09/2024; R$49.440,00 
035;2019;COMUNICA - AGÊNCIA DE COMUNICAÇÃO EIRELI - EPP;05.427.387/0001-80;Serviços de tradução e locação de equipamentos para tradução simultanea consecutiva. Itens: 70 e 71.;Serviço;11/09/2019;11/09/2024; R$8.111,10 
037;2019;DALVA AGUIAR NASCIMENTO - ME INTRADOC BRASIL ;11.182.905/0001-46;Serviços de tradução e locação de equipamentos para tradução simultanea consecutiva. Itens: 31, 38, 39 e 46.;Serviço;11/09/2019;11/09/2024; R$2.839,36 
036;2019;PATRICIA BARRETO DE FERREIRA BANDEIRA TOCCHIO;30.358.027/0001-11;Serviços de tradução e locação de equipamentos para tradução simultanea consecutiva. Item 72.;Serviço;11/09/2019;11/09/2024; R$1.560,00 
033;2023;CVT CONSTRUTORA LTDA.;05.993.595/0001-47;Serviços de engenharia para montagem de estúdio de gravação de Rádio e TV no Ministério da Defesa.;Serviço;02/01/2024;22/09/2024; R$280.099,90 
027;2022;TECNICALL ENGENHARIA LTDA.;72.581.283/0001-13;Contratação de serviço de engenharia para a revitalização de 23 apartamentos funcionais recebidos da SPU/DF;Serviço;28/12/2022;24/09/2024; R$1.775.000,00 
19;2023;R7 FACILITIES SERVICOS DE ENGENHARIA EIRELI.;11.162.311/0001-73;Contratação de serviço de Engenheiro Civil com regime de dedicação exclusiva de mão de obra.;Serviço;02/10/2023;02/10/2024; R$9.450.019,59 
18;2023;CTA SERVIÇOS TERCEIRIZADOS LTDA.;00.593.400/0001-58;Contratação de serviço de Engenheiro Eletricista com regime de dedicação exclusiva de mão de obra.;Serviço;10/10/2023;10/10/2024; R$1.182.714,59 
21;2023;GENERAL CONTRACTOR CONSTRUTORA LTDA;73.509.440/0001-42;Contratação de serviço de Engenheiro Mecânico com regime de dedicação exclusiva de mão de obra.;Serviço;10/10/2023;10/10/2024; R$580.985,28 
22;2023;MTECH COMÉRCIO E VAREJO DE PEÇAS E SERVIÇOS AUTOMOTIVOS LTDA;14.455.678/0001-73;Serviços de manutenção preventiva e corretiva de veículos automotores das marcas MITSUBISHI e RENAULT.;Serviço;10/10/2023;10/10/2024; R$68.061,15 
23;2023;UNT PEÇAS E SERVIÇOS AUTOMOTIVOS LTDA.;35.339.031/0001-56;serviços de manutenção preventiva e corretiva de veículos automotores das marcas FORD e PEUGEOT. ;Serviço;10/10/2023;10/10/2024; R$18.458,95 
024;2020;SEISELLES DISTRIBUIÇÃO E LOGÍSTICA EIRELI.;10.445.514/0001-04;Fornecimento de jornais e revistas em suas versões digitais, a serem executados, de forma contínua sem dedicação exclusiva de mão de obra.;Serviço;15/10/2020;15/10/2024; R$17.210,40 
023;2020;ESPLANADA SERVIÇOS TERCEIRIZADOS EIRELI.;01.099.686/0001-82;Serviços continuados de prestação de serviços de apoio administrativo (jornalista, editor de mídia audiovisual, designer gráfico, diagramador e publicitário), com disponibilização de mão de obra em regime de dedicação exclusiva. ;Serviço;16/10/2020;16/10/2024; R$1.279.724,40 
024;2023;TRANSPORTADORA NEY DAS MUDANÇAS LTDA.;08.290.111/0001-91;Serviços de transporte de bagagens e mobiliário. ;Serviço;18/10/2023;18/10/2024; R$150.990,00 
028;2023;ETMETAL COMÉRCIO E INDÚSTRIA DE PLACAS METÁLICAS LTDA.;34.015.669/0001-79;Aquisição de medalhas e insígnias.;Aquisição;26/10/2023;26/10/2024; R$26.500,00 
019;2021;EMBRATEL TVSAT TELECOMUNICAÇÕES S/A.;09.132.659/0001-76;Contratação de empresa especializada para provimento de 9 MHz de capacidade satelital em banda Ku, para interligar estações terrenas fixas e terminais móveis, transportáveis e portáteis do Sistema de Comunicações Militares por Satélite (SISCOMIS).;Serviço;01/11/2021;01/11/2024; R$1.220.887,79 
020;2022;BIG CHAVES COMÉRCIO E SERVIÇOS DE CHAVES;24.928.103/0001-84;Serviços de chaveiro sob demanda.;Serviço;18/11/2022;18/11/2024; R$19.990,00 
028;2020;CLARO S.A.;40.432.544/0001-47;Contratação de serviço de comunicação de dados fim-a-fim, com garantia de banda, para uma rede corporativa – Rede Operacional de Defesa (ROD) – de longa distância (WAN) de abrangência nacional, provido sobre uma rede IP.;Serviços;19/11/2020;19/11/2024; R$2.227.254,96 
026;2023;UEDAMA COMÉRCIO DE PRODUTOS ALIMENTÍCIOS LTDA.;00.543.061/0001-03;Aquisição de gêneros alimentícios para a Seção de Gestão Alimentar do Ministério da Defesa. Itens 14 e 65.;Aquisição;21/11/2023;21/11/2024; R$771,00 
027;2023;MAYAS COMERCIAL DE PRODUTOS E SERVIÇOS EIRELI.;32.972.023/0001-54;Aquisição de gêneros alimentícios para a Seção de Gestão Alimentar do Ministério da Defesa. Item 22.;Aquisição;21/11/2023;21/11/2024; R$124,80 
032;2020;NETMAKE SOLUÇÕES EM INFORMÁTICA LTDA.;04.095.869/0001-18;Contratação da licença de uso perpétua do software Scriptcase com direito a atualização e suporte da ferramenta pelo período de 12 meses, na modalidade Diamante, para manutenção dos sistemas já desenvolvidos e criação e desenvolvimento de novos sistemas para o Ministério da Defesa, permitindo a criação de aplicações WEB com código PHP e JavaScript.;Serviço;23/11/2020;23/11/2024; R$32.588,79 
023;2022;CVT CONSTRUTORA LTDA.;05.993.595/0001-47;Serviços continuados de manutenção preventiva e corretiva, necessários à operação do Sistema de Detecção e Alarme contra incêndio e pânico. ;Serviço ;01/12/2022;01/12/2024; R$189.977,75 
048;2019;TK Elevadores do Brasil LTDA;90.347.840/0006-22;Serviços de assistência técnica com rotinas de manutenção preventiva e corretiva, mediante ressarcimento de peças, componentes e acessórios necessários à operação de 14 (quatorze) elevadores de fabricação da empresa Thyssenkrupp Elevadores com o sistema de monitoramento de tráfego.;Serviço;01/12/2019;01/12/2024; R$313.000,00 
025;2023;Navegar Comércio de Alimentos LTDA;48.965.143/0001-64;Aquisição de gêneros alimentícios para a Seção de Gestão Alimentar do Ministério da Defesa. Item 102.;Aquisição;04/12/2023;04/12/2024; R$1.571,52 
033;2018;TELECOMUNICAÇÕES BRASILEIRAS S.A - TELEBRÁS.;00.336.701/0001-04;Contratação de Serviço de Comunicação Multimídia, na forma de enlace digital dedicado para acesso continuado à Internet, em atendimento de necessidades técnicas e operacionais da ROD / SISCOMIS, a fim de garantir o funcionamento dos sistemas de C² que atendem ao SISMC².;Serviço;05/12/2018;04/12/2024; R$96.512,04 
034;2020;PRODEAL PLANEJAMENTO E GESTÃO DE NEGÓCIOS LTDA.;03.670.489/0001-05;Serviço de suporte e manutenção do Sistema de Catalogação do Brasil (SISCAT-BR), atendido pelo software MC CATALOGUE (MCC), de propriedade da AURA s.r.o, visando manter a sua operacionalidade e atualização das tarefas de catalogação, em conformidade às regras do Sistema OTAN de Catalogação (SOC), cuja atividade é exercida exclusivamente pelo Centro de Apoio a Sistemas Logísticos de Defesa (CASLODE).;Serviço;09/12/2020;09/12/2024; R$478.142,68 
033;2020;ESPAÇO & FORMA MÓVEIS E DIVISÓRIAS LTDA.;37.977.691/0007-83;Contratação de empresa especializada nos serviços continuados de fabricação, fornecimento, instalação, montagem e desmontagem de divisórias, incluindo todos os materiais e insumos necessários ao serviço.;Serviço;09/12/2020;09/12/2024; R$520.276,68 
025;2022;MAPFRE Seguros Gerais S.A;61.074.175/0001-38;Seguro de veículos.;Serviço;12/12/2022;12/12/2024; R$5.600,38 
026;2022;GENTE SEGURADORA ;90.180.605/0001-02;Seguro de veículos.;Serviço;12/12/2022;12/12/2024; R$9.534,25 
029;2023;TAMANDARÉ INFORMÁTICA LTDA.;00.162.720/0001-53;Aquisição de equipamentos (hardware) para expansão da capacidade de processamento e armazenamento de dados da Administração Central do Ministério da Defesa (ACMD), com transferência de conhecimento, garantia e suporte técnico por 60 (sessenta) meses, compreendendo servidores hiperconvergentes, servidores de virtualização, servidores de armazenamento e pentes de memória.;Aquisição;18/12/2023;18/12/2024; R$1.780.000,00 
030;2023;LTA-RH Informática, Comércio, LTDA;94.316.916/0005-22;Aquisição de equipamentos (hardware) para expansão da capacidade de processamento e armazenamento de dados da Administração Central do Ministério da Defesa (ACMD), com transferência de conhecimento, garantia e suporte técnico por 60 (sessenta) meses, compreendendo servidores hiperconvergentes, servidores de virtualização, servidores de armazenamento e pentes de memória.;Aquisição;18/12/2023;18/12/2024; R$236.000,00 
031;2023;POWER TEC Tecnologia em Informática LTDA.;09.298.794/0001-96;Aquisição de equipamentos (hardware) para expansão da capacidade de processamento e armazenamento de dados da Administração Central do Ministério da Defesa (ACMD), com transferência de conhecimento, garantia e suporte técnico por 60 (sessenta) meses, compreendendo servidores hiperconvergentes, servidores de virtualização, servidores de armazenamento e pentes de memória.;Aquisição;18/12/2023;18/12/2024; R$95.400,00 
054;2019;IMAGEM GEOSISTEMAS E COMÉRCIO LTDA;67.393.181/0001-34;Aquisição de Software de Geoinformação necessário para a criação de uma estrutura de conexão de Sistemas já implantados no Centro de Inteligência do Exército (CIE) e no Comando Aeroespacial (COMAE), permitindo, assim, a construção de um Sistema de Sistemas, conectando, de forma sinérgica e contributiva, os sistemas de geoprocessamento da Defesa Nacional.;Aquisição;19/12/2019;19/12/2024; R$86.780,72 
037;2020;BRASOFTWARE INFORMÁTICA LTDA.;57.142.978/0001-05;Contratação de subscrições de softwares Microsoft, com direito a atualização e suporte.;Serviços;22/12/2020;22/12/2024; R$3.845.248,25 
26;2021;SHOWCASE PRO TECNOLOGIA LTDA.;05.411.789/0001-97;Prestação de serviços de acessibilidade à informação e à comunicação.;Serviço;22/12/2021;22/12/2024; R$13.016,24 
034;2023;R7 FACILITIES SERVICOS DE ENGENHARIA EIRELI.;11.162.311/0001-73;Contratação de serviços de Supervisor Administrativo – Nível I.;Serviço;28/12/2023;28/12/2024; R$6.659.605,68 
049;2019;MKS GESTÃO DE RESÍDUOS LTDA;23.062.431/0001-88;Prestação de serviços continuados de gerenciamento de resíduos sólidos urbanos não recicláveis, orgânicos e indiferenciados, não perigosos, gerados nas dependências o Ministério da Defesa, abrangendo as etapas de coleta, transporte, transbordo, tratamento e destinação ou disposição final ambientalmente adequada.;Serviço;02/01/2020;01/01/2025; R$31.035,23 
041;2018;TECNICALL ENGENHARIA LTDA;72.581.283/0001-13;"Serviços de manutenção preventiva e corretiva das instalações e equipamentos dos seguintes sistemas prediais: hidrossanitários; de águas pluviais; elétricos de força e luz; de proteção contra descargas atmosféricas; prevenção e combate a incêndios, bem como de serviços eventuais por demanda de ordens de serviços (OS) nos Próprios Nacionais Residenciais (PNR) de responsabilidade da Administração Central do Ministério da Defesa (AC/MD) e áreas comuns dos condomínios de propriedade exclusiva do Ministério da Defesa.";Serviço;02/01/2019;02/01/2025; R$6.364.779,00 
038;2018;TECNICALL ENGENHARIA LTDA;72.581.283/0001-13;"Serviços de manutenção preventiva, preditiva e corretiva das instalações e equipamentos dos seguintes sistemas prediais: hidrossanitários; de águas pluviais; elétricos de força, luz e geração de emergência; de proteção contra descargas atmosféricas; de prevenção e combate a incêndios; de gás (GLP); bem como de serviços eventuais por demanda no Edifício da Administração Central do Ministério da Defesa Bloco “Q”, Edifício Anexo ao Bloco “O”, na Esplanada dos Ministérios, todos localizados em Brasília-DF.";Serviço;02/01/2019;02/01/2025; R$4.901.684,88 
035;2023;R7 FACILITIES SERVICOS DE ENGENHARIA EIRELI.;11.162.311/0001-73;Contratação de serviços de Engenheiro Civil.;Serviço;08/01/2024;08/01/2025; R$1.145.456,88 
036;2023;R7 FACILITIES SERVICOS DE ENGENHARIA EIRELI.;11.162.311/0001-73;Contratação de serviços de Supervisor Administrativo – Nível II.;Serviço;08/01/2024;08/01/2025; R$1.372.558,56 
039;2023;R7 FACILITIES SERVICOS DE ENGENHARIA EIRELI.;11.162.311/0001-73;Contratação de Engenheiro Civil.;Serviço;08/01/2024;08/01/2025; R$232.803,32 
037;2023;ICLIPPING SERVICOS DE MONITORAMENTO E INFORMAÇÃO LTDA.;39.599.227/0001-30;Contratação de serviços de apoio técnico na área de comunicação social: Clipping diário, monitoramento e mailing nacional e regional.;Serviço;08/01/2024;08/01/2025; R$39.000,00 
005;2021;MCR SISTEMAS E CONSULTORIA LTDA.;04.198.254/0001-17;Aquisição de Licenças, Adobe VIP, pelo período de 36 (trinta e seis) meses, das ferramentas do Adobe Creative Cloud for Teams – All Apps.;Aquisição;01/02/2021;01/02/2025; R$51.019,25 
006;2021;KRYPTUS SEGURANÇA DA INFORMAÇÃO S.A.;05.761.098/0001-13;Fornecimento, instalação e configuração de PED Módulo de Segurança Criptográfico (MSC), caracterizando um Sistema Criptográfico de dados corporativos trafegados através de uma rede de comunicações, que obrigatoriamente deve atender aos requisitos de inserção de algoritmo criptográfico de Estado, e ainda a eventual contratação de empresas para a instalação, configuração e suporte remoto de equipamentos (ativos) de interconexão de rede, já adquiridos, bem como para capacitação avançada à equipe técnica do MD, a fim de atualizar a Rede Operacional de Defesa (ROD).;Serviço;08/02/2021;08/02/2025; R$4.385.495,00 
002;2023;ASSOCIAÇÃO BRASILEIRA DE NORMAS TÉCNICAS – ABNT;33.402.892/0001-06;Contratação de serviço de assinatura de base de dados com coletânea digital das Normas Técnicas da International Organization for Standardization (ISO), com disponibilização de consulta/visualização e impressão ilimitada da coleção de Normas contratadas, via internet, com recursos de atualização e gerenciamento, a serem distribuídas, em formato digital.;Serviço;24/02/2023;24/02/2025; R$8.524,41 
014;2022;R7 FACILITIES SERVICOS DE ENGENHARIA EIRELI.;11.162.311/0001-73;Serviços continuados de Secretário Executivo I.;Serviço;26/10/2022;26/02/2025; R$657.931,32 
005;2024;CONSIGAZ - Distribuidora de Gás LTDA.;01.597.589/0015-15;Aquisição de Gás Liquefeito de Petróleo (GLP).;Aquisição;28/02/2024;28/02/2025; R$31.203,00 
001;2023;TARGET ENGENHARIA E CONSULTORIA LTDA;00.000.028/0001-29;Contratação de serviços para a contratação de empresa especializada na prestação de serviço de assinatura de base de dados com coletânea digital das Normas Técnicas Brasileiras (NBR) da Associação Brasileira de Normas Técnicas (ABNT) e Mercosul (AMN), com disponibilização de consulta/visualização e impressão ilimitada da coleção de Normas contratadas, via internet, com recursos de atualização e gerenciamento, a serem distribuídas, em formato digital, para as Organizações Militares das Forças Armadas e Administração Central do Ministério da Defesa.;Serviço;01/03/2023;01/03/2025; R$9.870,00 
003;2023;CENTRO OESTE PRESTADORA DE SERVIÇO DE DESINSETIZAÇÃO LTDA. ME. ;13.498.257/0001-67;Contratação de serviços de dedetização, contemplando desinsetização, desratização e descupinização, a serem executados, de forma contínua sem dedicação exclusiva de mão de obra.;Serviço;05/03/2023;05/03/2025; R$14.862,65 
006;2024;ROGAMA DISTRIBUIDORA E SERVICOS LTDA.;14.974.969/0001-78;Serviços de manutenção preventiva e corretiva de veículos automotores da marca CITROEN.;Serviço;14/03/2024;14/03/2025; R$23.820,48 
002;2024;PARK PNEUS LTDA.;38.402.704/0001-63;Serviços de manutenção preventiva e corretiva de veículos automotores das marcas Chevrolet, Mercedes Benz e Fiat.;Serviço ;14/03/2024;14/03/2025; R$28.820,80 
007;2024;MTECH COMÉRCIO E VAREJO DE PEÇAS E SERVIÇOS AUTOMOTIVOS LTDA;14.455.678/0001-73;Serviços de manutenção preventiva e corretiva de veículos automotores da marca TOYOTA.;Serviço;26/03/2024;26/03/2025; R$19.950,00 
009;2023;EMBRATEL TVSAT TELECOMUNICAÇÕES S.A.;09.132.659/0001-76;Contratação de serviços de TV por assinatura com fornecimento, em regime de comodato, dos equipamentos necessários à sua operação, bem como suporte técnico.;Serviço;29/03/2023;29/03/2025; R$68.883,47 
007;2020;CORREIOS;34.028.316/0007-07;Prestação, pelos CORREIOS, de serviços e venda de produtos, que atendam às necessidades do MD.;Serviço;31/03/2020;30/03/2025; R$70.000,00 
004;2024;OCA VIAGENS E TURISMO DA AMAZÔNIA LTDA.;10.181.964/0001-37;Serviços contínuos de agenciamento de viagens, sob demanda.;Serviço;01/04/2024;01/04/2025; R$14.370.952,18 
015;2022;FORTALEZA SERVIÇOS EMPRESARIAIS EIRELI.;38.054.508/0001-45;Serviços continuados de Assistente Administrativo.;Serviço;02/12/2022;02/04/2025; R$8.128.643,40 
008;2024;PHOENIX Comércio e Serviços de Limpeza LTDA.;12.978.051/0001-71;"Serviços de natureza continuada nas áreas logísticas para execução de atividades ligadas às copas com garçons, ao gerenciamento de veículos, com motorista, garagistas e lavadores; ao transporte de móveis e mobílias em geral; e aos serviço de apoio às copas com o fornecimento de insumos a serem executados com regime de dedicação exclusiva de mão de obra.";Serviço;02/05/2024;02/05/2025; R$3.578.348,00 
009;2024;GESTÃO de Terceirização em Serviços, Seleção e Agenciamento de Mão-de-obra Eireli.;11.457039/0001-59;Serviços de natureza continuada nas áreas logísticas para execução de atividades ligadas aos trabalhos de cozinha a serem executados com regime de dedicação exclusiva de mão de obra.;Serviço;02/05/2024;02/05/2025; R$455.163,96 
013;2024;NARA COMERCIAL DE ALIMENTOS LTDA. EPP.;04.041.085/0001-07;Aquisição de material de consumo para copa e cozinha, limpeza e produto de higienização, expediente, processamento de dados, acondicionamento e embalagem, uniformes, material de manobra e patrulhamento, proteção e segurança, áudio, vídeo e foto para o Ministério da Defesa-MD.;Aquisição;21/05/2024;21/05/2025; R$40.636,00 
014;2024;MAX QUALITY COMÉRCIO LTDA.;42.810.782/0001-74;Aquisição de material de consumo para copa e cozinha, limpeza e produto de higienização, expediente, processamento de dados, acondicionamento e embalagem, uniformes, material de manobra e patrulhamento, proteção e segurança, áudio, vídeo e foto para o Ministério da Defesa-MD.;Aquisição;21/05/2024;21/05/2025; R$2.088,90 
016;2024;PIXTEC COMERCIO E TECNOLOGIA LTDA.;46.536.739/0001-13;Aquisição de material de consumo para copa e cozinha, limpeza e produto de higienização, expediente, processamento de dados, acondicionamento e embalagem, uniformes, material de manobra e patrulhamento, proteção e segurança, áudio, vídeo e foto para o Ministério da Defesa-MD.;Aquisição;21/05/2024;21/05/2025; R$13.028,00 
017;2024;COMERCIAL MINAS BRASILIA EIRELI.;46.536.739/0001-13;Aquisição de material de consumo para copa e cozinha, limpeza e produto de higienização, expediente, processamento de dados, acondicionamento e embalagem, uniformes, material de manobra e patrulhamento, proteção e segurança, áudio, vídeo e foto para o Ministério da Defesa-MD.;Aquisição;21/05/2024;21/05/2025; R$3.544,00 
018;2024;PLANETA COMERCIO E DISTRIBUIÇÃO DE EQUIPAMENTOS E PRODUTOS LTDA. ME.;43.973.781/0001-03;Aquisição de material de consumo para copa e cozinha, limpeza e produto de higienização, expediente, processamento de dados, acondicionamento e embalagem, uniformes, material de manobra e patrulhamento, proteção e segurança, áudio, vídeo e foto para o Ministério da Defesa-MD.;Aquisição;21/05/2024;21/05/2025; R$2.057,20 
019;2024;BEATRIZ BRUST DE SOUZA – EPP.;22.327.937/0001-09;Aquisição de material de consumo para copa e cozinha, limpeza e produto de higienização, expediente, processamento de dados, acondicionamento e embalagem, uniformes, material de manobra e patrulhamento, proteção e segurança, áudio, vídeo e foto para o Ministério da Defesa-MD.;Aquisição;21/05/2024;21/05/2025; R$1.280,00 
020;2024;RRM SERVICOS E COMERCIO DE CARTUCHOS LTDA.;12.010.075/0001-32;Aquisição de material de consumo para copa e cozinha, limpeza e produto de higienização, expediente, processamento de dados, acondicionamento e embalagem, uniformes, material de manobra e patrulhamento, proteção e segurança, áudio, vídeo e foto para o Ministério da Defesa-MD.;Aquisição;21/05/2024;21/05/2025; R$299,95 
021;2024;SANTANA COMÉRCIO DE UTILIDADES DOMÉSTICAS LTDA. ME.;07.665.456/0001-10;Aquisição de material de consumo para copa e cozinha, limpeza e produto de higienização, expediente, processamento de dados, acondicionamento e embalagem, uniformes, material de manobra e patrulhamento, proteção e segurança, áudio, vídeo e foto para o Ministério da Defesa-MD.;Aquisição;21/05/2024;21/05/2025; R$698,13 
024;2024;THIAGO CAETANIO DA SILVA.;40.908.559/0001-39;Aquisição de material de consumo para copa e cozinha, limpeza e produto de higienização, expediente, processamento de dados, acondicionamento e embalagem, uniformes, material de manobra e patrulhamento, proteção e segurança, áudio, vídeo e foto para o Ministério da Defesa-MD.;Aquisição;21/05/2024;21/05/2025; R$1.340,00 
025;2024;PTN PARTS INFORMÁTICA E SISTEMAS LTDA.;41.358.941/0001-89;Aquisição de material de consumo para copa e cozinha, limpeza e produto de higienização, expediente, processamento de dados, acondicionamento e embalagem, uniformes, material de manobra e patrulhamento, proteção e segurança, áudio, vídeo e foto para o Ministério da Defesa-MD.;Aquisição;21/05/2024;21/05/2025; R$5.400,00 
026;2024;K. LUMERTZ CARDOSO ME.;38.311.637/0001-71;Aquisição de material de consumo para copa e cozinha, limpeza e produto de higienização, expediente, processamento de dados, acondicionamento e embalagem, uniformes, material de manobra e patrulhamento, proteção e segurança, áudio, vídeo e foto para o Ministério da Defesa-MD.;Aquisição;21/05/2024;21/05/2025; R$4.156,16 
027;2024;A3L COMÉRCIO VAREJISTA E UTILIDADES EIRELI.;30.911.535/0001-85;Aquisição de material de consumo para copa e cozinha, limpeza e produto de higienização, expediente, processamento de dados, acondicionamento e embalagem, uniformes, material de manobra e patrulhamento, proteção e segurança, áudio, vídeo e foto para o Ministério da Defesa-MD.;Aquisição;21/05/2024;21/05/2025; R$3.643,50 
028;2024;N3 DISTRIBUIÇÃO DE SUPRIMENTOS LTDA.;19.408.662/0001-23;Aquisição de material de consumo para copa e cozinha, limpeza e produto de higienização, expediente, processamento de dados, acondicionamento e embalagem, uniformes, material de manobra e patrulhamento, proteção e segurança, áudio, vídeo e foto para o Ministério da Defesa-MD.;Aquisição;21/05/2024;21/05/2025; R$1.038,00 
029;2024;SOS INFORMÁTICA LTDA.;31.979.529/0001-22;Aquisição de material de consumo para copa e cozinha, limpeza e produto de higienização, expediente, processamento de dados, acondicionamento e embalagem, uniformes, material de manobra e patrulhamento, proteção e segurança, áudio, vídeo e foto para o Ministério da Defesa-MD.;Aquisição;21/05/2024;21/05/2025; R$3.523,50 
031;2024;AJL CANAÃ LÍCIT LTDA.;47.457.244/0001-61;Aquisição de material de consumo para copa e cozinha, limpeza e produto de higienização, expediente, processamento de dados, acondicionamento e embalagem, uniformes, material de manobra e patrulhamento, proteção e segurança, áudio, vídeo e foto para o Ministério da Defesa-MD.;Aquisição;21/05/2024;21/05/2025; R$907,50 
034;2024;EUSTÁQUIO GONÇALVES DE AZEVEDO.;47.173.020/0001-28;Aquisição de material de consumo para copa e cozinha, limpeza e produto de higienização, expediente, processamento de dados, acondicionamento e embalagem, uniformes, material de manobra e patrulhamento, proteção e segurança, áudio, vídeo e foto para o Ministério da Defesa-MD.;Aquisição;21/05/2024;21/05/2025; R$1.786,00 
035;2024;CM&E SOLUÇÕES INTEGRADAS LTDA.;47.327.708/0001-15;Aquisição de material de consumo para copa e cozinha, limpeza e produto de higienização, expediente, processamento de dados, acondicionamento e embalagem, uniformes, material de manobra e patrulhamento, proteção e segurança, áudio, vídeo e foto para o Ministério da Defesa-MD.;Aquisição;21/05/2024;21/05/2025; R$489,00 
036;2024;KSA FORTE COMERCIO DE PRODUTOS DE INFORMATICA LIMITADA.;21.291.860/0001-00;Aquisição de material de consumo para copa e cozinha, limpeza e produto de higienização, expediente, processamento de dados, acondicionamento e embalagem, uniformes, material de manobra e patrulhamento, proteção e segurança, áudio, vídeo e foto para o Ministério da Defesa-MD.;Aquisição;21/05/2024;21/05/2025; R$2.400,00 
037;2024;ARTCARD LTDA. EPP.;05.449.347/0001-30;Aquisição de material de consumo para copa e cozinha, limpeza e produto de higienização, expediente, processamento de dados, acondicionamento e embalagem, uniformes, material de manobra e patrulhamento, proteção e segurança, áudio, vídeo e foto para o Ministério da Defesa-MD.;Aquisição;21/05/2024;21/05/2025; R$1.690,00 
038;2024;IDPROMO COMERCIAL LTDA.;17.791.755/0001-54;Aquisição de material de consumo para copa e cozinha, limpeza e produto de higienização, expediente, processamento de dados, acondicionamento e embalagem, uniformes, material de manobra e patrulhamento, proteção e segurança, áudio, vídeo e foto para o Ministério da Defesa-MD.;Aquisição;21/05/2024;21/05/2025; R$600,00 
039;2024;LUANDA COMERCIO DE SUPRIMENTOS PARA INFORMÁTICA LTDA. EPP.;10.742.589/0001-57;Aquisição de material de consumo para copa e cozinha, limpeza e produto de higienização, expediente, processamento de dados, acondicionamento e embalagem, uniformes, material de manobra e patrulhamento, proteção e segurança, áudio, vídeo e foto para o Ministério da Defesa-MD.;Aquisição;21/05/2024;21/05/2025; R$39.000,00 
022;2024;MSI COMERCIO E SERVIÇOS LTDA.;42.448.644/0001-97;Aquisição de material de consumo para copa e cozinha, limpeza e produto de higienização, expediente, processamento de dados, acondicionamento e embalagem, uniformes, material de manobra e patrulhamento, proteção e segurança, áudio, vídeo e foto para o Ministério da Defesa-MD.;Aquisição;23/05/2024;23/05/2025; R$2.656,00 
023;2024;NEXT SOLUÇÕES INTEGRADAS LTDA.;39.757.934/0001-08;Aquisição de material de consumo para copa e cozinha, limpeza e produto de higienização, expediente, processamento de dados, acondicionamento e embalagem, uniformes, material de manobra e patrulhamento, proteção e segurança, áudio, vídeo e foto para o Ministério da Defesa-MD.;Aquisição;23/05/2024;23/05/2025; R$804,35 
030;2024;PABLO LUIS MARTINS - ME.;09.138.326/0001-54;Aquisição de material de consumo para copa e cozinha, limpeza e produto de higienização, expediente, processamento de dados, acondicionamento e embalagem, uniformes, material de manobra e patrulhamento, proteção e segurança, áudio, vídeo e foto para o Ministério da Defesa-MD.;Aquisição;23/05/2024;23/05/2025; R$127,50 
018;2019;ALFREDA ALIMENTOS E SERVIÇOS EIRELI - ME.;20.929.241/0001-27;Contratação de empresa especializada em fornecimento de refeições tipo “self service”, “buffet” e lanches com cessão de área a título oneroso.;Serviço;01/06/2019;30/05/2025; R$5.862.778,90 
001;2024;CVT CONSTRUTORA LTDA.;05.993.595/0001-47;Adaptação das instalações do 6º e do 4º pavimentos do Bloco Q do Ministério da Defesa, contemplando serviços de demolição de revestimentos cerâmicos, impermeabilização de superfícies, execução de pintura, troca de mobiliário, divisórias, forros e instalações, entre outros.;Serviço;09/01/2024;17/07/2025; R$5.800.127,49 
013;2022;LAVANDERIA PADRÃO LTDA.;02.452.824/0001-28;Serviços de lavanderia, a serem executados, de forma contínua sem dedicação exclusiva de mão de obra.;Serviço;15/08/2022;15/08/2025; R$51.475,05 
017;2022;FAST SECURITY TECNOLOGIA DA INFORMAÇÃO LTDA. ME.;10.647.012/0001-66;Aquisição de soluções de segurança de TI, compostas por licenças de uso de softwares/programas de proteção de endpoints (anti-malware), Data Loss Prevention (DLP), Secure Web Gateway (web proxy), Secure Email Gateway (anti-spam), detecção e gerenciamento de vulnerabilidades, equipamentos IDS/IPS e equipamentos Firewall.;Aquisição;30/09/2022;07/11/2025; R$2.560.783,00 
024;2022;MCR SISTEMAS E CONSULTORIA LTDA.;04.198.254/0001-17;Contratação de licenças de softwares de Desing Gráfico.;Cessão Temporária;15/12/2022;15/12/2025; R$35.120,00 
015;2023;CLARO S.A.;40.432.544/0001-47;Contratação conjunta da prestação de serviço móvel pessoal (SMP - dados móveis e voz), Gestão de Dispositivos Móveis (MDM) e opção aparelhos móveis em comodato.;Serviço;29/09/2023;29/03/2026; R$197.323,20 
008;2021;CLARO S.A.;40.432.544/0001-47;Serviços de tecnologia da informação e comunicação, serviços de telefonia, Fixo-Fixo, Fixo-Móvel, nacional e internacional.;Serviço;08/08/2021;08/08/2026; R$99.320,80 
016;2022;PANACOPY COMÉRCIO DE EQUIPAMENTOS REPROGRÁFICOS LTDA.;37.165.529/0001-75;Serviço de impressão distribuída (outsourcing de impressão).;Serviço;18/09/2022;18/09/2026; R$698.732,50 
010;2023;EMPRESA BRASIL DE COMUNICAÇÃO - EBC;09.168.704/0001-42;Publicidade Legal impresa e/ou eletrônica.;Serviço;25/04/2023;25/04/2028; R$19.200,00 
003;2024;ALFA e ÔMEGA Terceirizados LTDA.;16.650.774/0001-06;Prestação de serviço de recepcionistas (9 postos);Serviço;01/03/2024;01/03/2029; R$577.120,22 
010;2024;LEISTUNG Comércio e Serviços de Sistemas de Energia LTDA.;00.306.524/0003-77;Serviços de manutenção preventiva, corretiva e de assistência técnica, com aplicação de mão de obra, ferramental, insumos, fornecimento de peças e outros necessários ao sistema de Equipamentos de Energia Ininterrupta, NO-BREAKS (UPS), existente no Edifício da Administração Central do Ministério da Defesa AC/MD e no Anexo do Bloco “O”.;Serviço;04/04/2024;04/04/2029; R$297.276,23 
035;2014;TELECOMUNICAÇÕES BRASILEIRAS S.A - TELEBRÁS.;00.336.701/0001-04;Cessão de Direito de Uso Futuro, inalienável, irretratável, exclusivo e irrestrito da infraestrutura satelital da Banda-X.;Serviço;11/09/2014;11/09/2032; R$30.400.520,05 
033;2014;CAESB ;00.082.024/0001-37;Prestação, de forma contínua, dos serviços públicos de abastecimento de água, esgotamento sanitário e outros serviços para as dependências do consumidor na unidade de consumo localizada na Administração Central do Ministério da Defesa Bloco “Q” e Catedral Rainha da Paz, ambos em Brasília/DF.;Serviço;13/09/2014;Indeterminado; R$96.000,00 
20;2016;CEB DISTRIBUIÇÃO S.A.;07.522.669/0001-92;Fornecimento de energia elétrica necessária ao funcionamento das instalações, com faturamento na Tarifa Horo-Sazonal - Verde do subgrupo AS – Identificação da CEB 492.437-1.;Serviço;27/12/2016;Indeterminado; R$911.501,93 
009;2016;CEB DISTRIBUIÇÃO S.A.;07.522.669/0001-92;Fornecimento de energia elétrica necessária ao funcionamento das instalações, com faturamento na Tarifa Horo-Sazonal - Verde do subgrupo AS.;Serviço;10/08/2016;Indeterminado; R$704.567,76 
025;2018;CEB DISTRIBUIÇÃO S.A.;07.522.669/0001-92;Prestação de serviço público continuado de fornecimento de energia elétrica, nos PNR's. ;Serviço;25/09/2018;Indeterminado; R$21.340,20 
017;2019;CEB DISTRIBUIÇÃO S.A;07.522.669/0001-92;Fornecimento de energia elétrica, pertencente ao grupo A, segundo a estrutura tarifária, modalidade, subgrupo de tensão. ;Serviço;02/05/2019;Indeterminado; R$1.564.461,60 
005;2019;CAESB;00.082.024/0001-37;"Abastecimento de água, esgotamento sanitário e outros serviços para as dependências do CONSUMIDOR na unidade de consumo localizada na edificação do Ministério da Defesa – Anexo ao Bloco ""O"". ";Serviço;21/02/2019;Indeterminado; R$345.117,77 
020;2019;CEB DISTRIBUIÇÃO S.A;07.522.669/0001-92;Fornecimento de energia Elétrica da área denominada Departamento de Educação Física (DEF), situado no Setor de Garagens Norte (SGN/Norte).;Serviço;28/06/2019;Indeterminado; R$7.200,00 
021;2019;CAESB ;00.082.024/0001-37;Fornecimento de água e coleta de esgoto sanitário dos imóveis residenciais (PNR) desocupados temporariamente pelos permissionários de forma proporcional ao período compreendido entre as datas de desocupação e da nova ocupação por permissionários.;Serviço;02/07/2019;Indeterminado; R$5.664,00 
